Flow,Slice Area,Normalized Flow
68.42781413357768,1192.069877301424,0.057402519295666414
