Flow,Slice Area,Normalized Flow
69.42356230199412,1192.069877301424,0.0582378295298874
