Flow,Slice Area,Normalized Flow
67.36568275393348,1192.069877301424,0.05651152171249736
